1fdfsjw	Automating the data scientist	114	88	thatsagoodthought	2024-09-10 11:43:32	https://www.reddit.com/r/dataengineering/comments/1fdfsjw/automating_the_data_scientist/	False	False	False	False
1fdc308	So how screwed am I?	60	31	ocean_800	2024-09-10 07:21:31	https://www.reddit.com/r/dataengineering/comments/1fdc308/so_how_screwed_am_i/	False	False	False	False
1fdmgno	Cheapest DB one can host?	31	37	Mysterious_Energy_80	2024-09-10 16:42:41	https://www.reddit.com/r/dataengineering/comments/1fdmgno/cheapest_db_one_can_host/	False	False	False	False
1fdd6k8	Standards in the field of DE (or lack thereof)	16	6	mommylovesme2	2024-09-10 08:46:45	https://www.reddit.com/r/dataengineering/comments/1fdd6k8/standards_in_the_field_of_de_or_lack_thereof/	False	False	False	False
1fdd7i8	Is Airflow a good choice for sending out personalized emails?	14	29	mtoto17	2024-09-10 08:48:41	https://www.reddit.com/r/dataengineering/comments/1fdd7i8/is_airflow_a_good_choice_for_sending_out/	False	False	False	False
1fdniv4	Cheapest way to deploy/run ETL pipeline on AWS or GCP	13	12	Mission_Olive_9161	2024-09-10 17:25:36	https://www.reddit.com/r/dataengineering/comments/1fdniv4/cheapest_way_to_deployrun_etl_pipeline_on_aws_or/	False	False	False	False
1fdg707	Question for Experienced Data Engineers?	11	15	RayRim	2024-09-10 12:05:03	https://www.reddit.com/r/dataengineering/comments/1fdg707/question_for_experienced_data_engineers/	False	False	False	False
1fdw4bh	Retooling from Alteryx to Python	5	14	NotTodayMrWest	2024-09-10 23:30:09	https://www.reddit.com/r/dataengineering/comments/1fdw4bh/retooling_from_alteryx_to_python/	False	False	False	False
1fe013o	Warehouse Observability and Monitoring	10	8	Napping404	2024-09-11 02:52:13	https://www.reddit.com/r/dataengineering/comments/1fe013o/warehouse_observability_and_monitoring/	False	False	False	False
1fdg5vx	DoubleCloud Managed Apache Airflow is now Generally Available	4	0	shrimpsizemoose	2024-09-10 12:03:21	https://www.reddit.com/r/dataengineering/comments/1fdg5vx/doublecloud_managed_apache_airflow_is_now/	False	False	False	False
1fdczn1	Is Jinja2 safe from SQL injections?	4	2	antihalakha	2024-09-10 08:32:00	https://www.reddit.com/r/dataengineering/comments/1fdczn1/is_jinja2_safe_from_sql_injections/	False	False	False	False
1fdzsmc	Start Up needing help with Data 	3	3	ben4121	2024-09-11 02:39:25	https://www.reddit.com/r/dataengineering/comments/1fdzsmc/start_up_needing_help_with_data/	False	False	False	False
1fdo43s	Assessments on Turing.com	3	0	ck3thou	2024-09-10 17:49:23	https://www.reddit.com/r/dataengineering/comments/1fdo43s/assessments_on_turingcom/	False	False	False	False
1fdgrds	Operationalizing Data Product Delivery in the Data Ecosystem	3	0	growth_man	2024-09-10 12:34:49	https://moderndata101.substack.com/p/operationalizing-data-product-delivery	False	False	False	False
1fe3k87	How to demonstrate cloud experience 	3	0	al8k	2024-09-11 06:26:36	https://www.reddit.com/r/dataengineering/comments/1fe3k87/how_to_demonstrate_cloud_experience/	False	False	False	False
1fdtqq6	Data Model Design question	2	1	PreparationScared835	2024-09-10 21:41:33	https://www.reddit.com/r/dataengineering/comments/1fdtqq6/data_model_design_question/	False	False	False	False
1fdpv9w	Upload AWS glue job logs to S3 INSTEAD of Cloudwatch	2	0	BaseHumble	2024-09-10 19:00:44	https://www.reddit.com/r/dataengineering/comments/1fdpv9w/upload_aws_glue_job_logs_to_s3_instead_of/	False	False	False	False
1fdorz0	Data Quality Basics Question / Book Recommendations	2	3	SellGameRent	2024-09-10 18:15:58	https://www.reddit.com/r/dataengineering/comments/1fdorz0/data_quality_basics_question_book_recommendations/	False	False	False	False
1fdm318	Snowflake export with a caveat	2	7	vainothisside	2024-09-10 16:26:58	https://www.reddit.com/r/dataengineering/comments/1fdm318/snowflake_export_with_a_caveat/	False	False	False	False
1fdf92n	Need advice	2	1	AnnualDepth8843	2024-09-10 11:11:02	https://www.reddit.com/r/dataengineering/comments/1fdf92n/need_advice/	False	False	False	False
1fe40l2	Airflow Web UI	1	0	Dr_Fida	2024-09-11 06:59:39	https://www.reddit.com/r/dataengineering/comments/1fe40l2/airflow_web_ui/	False	False	False	False
1fe2l6g	Competing for the JOB with a Triplestore	1	0	Historical_Bat_9793	2024-09-11 05:20:05	https://yyhh.org/blog/2024/09/competing-for-the-job-with-a-triplestore/	False	False	False	False
1fe2amu	Concept check	1	0	Kobalt13mm	2024-09-11 05:01:17	https://www.reddit.com/r/dataengineering/comments/1fe2amu/concept_check/	False	False	False	False
1fe0pbt	DIP Search 	1	1	kuro_koffee	2024-09-11 03:28:00	https://www.reddit.com/r/dataengineering/comments/1fe0pbt/dip_search/	False	False	False	False
1fduhmd	For data engineers, developed on-demand virtual data warehouse to run adhoc queries under 30 seconds. 	2	3	biz-guru-3112	2024-09-10 22:14:21	https://www.reddit.com/r/dataengineering/comments/1fduhmd/for_data_engineers_developed_ondemand_virtual/	False	False	False	False
1fdsdri	How to build real-time monitoring and alerting system	1	0	Nice_Substance_6594	2024-09-10 20:43:50	https://www.reddit.com/r/dataengineering/comments/1fdsdri/how_to_build_realtime_monitoring_and_alerting/	False	False	False	False
1fdqe93	How has your experience been using Spark to build an ML pipeline?	1	1	SteffooM	2024-09-10 19:21:55	https://www.reddit.com/r/dataengineering/comments/1fdqe93/how_has_your_experience_been_using_spark_to_build/	False	False	False	False
1fdelss	What are the career prospects for a Statistical Programmer Analyst (SAS) working at a CRO ?	3	11	Afraid_Bet3161	2024-09-10 10:29:27	https://www.reddit.com/r/dataengineering/comments/1fdelss/what_are_the_career_prospects_for_a_statistical/	False	False	False	False
1fe0ga4	What algorithm I can use to?	0	0	juliano1096	2024-09-11 03:14:31	https://www.reddit.com/r/dataengineering/comments/1fe0ga4/what_algorithm_i_can_use_to/	False	False	False	False
1fdnu7r	Is this degree worth it? Data and information engineering	0	5	TankSubject6469	2024-09-10 17:38:24	https://www.reddit.com/r/dataengineering/comments/1fdnu7r/is_this_degree_worth_it_data_and_information/	False	False	False	False
1fdjiwz	I have notice period of 90 days, feels stagnant. Shall i resign without an offer	0	4	shanKaR001	2024-09-10 14:41:28	https://www.reddit.com/r/dataengineering/comments/1fdjiwz/i_have_notice_period_of_90_days_feels_stagnant/	False	False	False	False
1fdiy6l	What challenge is Databricks’  Unity catalog solving for that hasn’t been already solved yet by the competitors?	0	1	Ok-Tradition-3450	2024-09-10 14:16:25	https://www.reddit.com/r/dataengineering/comments/1fdiy6l/what_challenge_is_databricks_unity_catalog/	False	False	False	False
